{
  "model_type": "per_strategy_logistic_regression",
  "feature_names": [
    "Heat",
    "Price",
    "Mean",
    "Std",
    "Range",
    "Volatility",
    "Slope",
    "RegimeScore",
    "NetResult"
  ],
  "strategies": {
    "Advanced Price Action": {
      "coef": [
        8.808282734732166e-05,
        -0.0003647575818298504,
        0.00024314056858339497,
        -0.001266395811374262,
        -0.004789333125113557,
        -0.0010762850695036441,
        -1.4451581125443683e-05,
        -0.0004977233024090957,
        0.8368112065711322
      ],
      "intercept": -0.0012783539049567724
    },
    "Momentum Trend": {
      "coef": [
        0.0027609490419671845,
        0.00037393253359766995,
        -0.0003210253272087423,
        -0.00021907054562421058,
        -0.0010230445208529774,
        -7.696065939219773e-05,
        -2.3154277279856983e-09,
        0.0002228095863933658,
        0.6055837056542335
      ],
      "intercept": -0.0003797339668313823
    },
    "Range / Mean Reversion [RangeLowVol]": {
      "coef": [
        0.00787315876314415,
        -0.00019552274088913675,
        0.00017226230565861052,
        -0.001085864931602293,
        -0.0040742807930167465,
        -0.0008383984628590419,
        -4.3560225807142065e-05,
        -0.0003560570873131468,
        0.9214010874314131
      ],
      "intercept": 0.0002084212104928469
    }
  }
}