{
  "model_type": "multinomial_logistic_regression",
  "feature_names": [
    "Heat",
    "Price",
    "Mean",
    "Std",
    "Range",
    "Volatility",
    "Slope",
    "RegimeScore",
    "NetResult"
  ],
  "classes": [
    "RangingHighVol",
    "RangingLowVol",
    "TrendingDown",
    "TrendingUp",
    "Unknown",
    "VolatileChoppy"
  ],
  "coefficients": [
    [
      0.20148474407597597,
      0.008945403838995154,
      -0.008333462891265356,
      0.035861530580202805,
      0.12892287680933567,
      0.04524652224516284,
      8.91945457084263e-06,
      -0.0644732735038341,
      0.0006094661027036207
    ],
    [
      0.21265264115384425,
      -0.0015099321535572078,
      -0.0017947632563168326,
      -0.012716285002147004,
      -0.04392471052222384,
      -0.011180864771539309,
      -3.543965877223899e-05,
      -0.03800224993837047,
      0.0014613204186597834
    ],
    [
      0.2287163996926266,
      -0.1464384074042679,
      0.14700300776023548,
      -0.07442983594086727,
      -0.3103154453966731,
      -0.06199879847896817,
      -0.009291101590104817,
      -0.04092826167348418,
      0.00716174770987729
    ],
    [
      0.22646458734534292,
      0.14314587175678845,
      -0.1427190867126285,
      -0.09319517712114529,
      -0.3637807968353979,
      -0.06410242399803145,
      0.007481024341180998,
      0.03184749010251157,
      -0.004446312911326138
    ],
    [
      -1.0417158094736725,
      0.003373618355125072,
      -0.002407853535834669,
      -0.012754145267389256,
      -0.05228524508464583,
      -0.010771772814060974,
      0.0006297307380006414,
      -0.05487705194103594,
      -0.00963430698962715
    ],
    [
      0.1723974372136879,
      -0.007516554393524231,
      0.008252158635081037,
      0.15723391275071394,
      0.6413833210277907,
      0.10280733781696415,
      0.0012068667151079783,
      0.16643334695417386,
      0.00484808567096587
    ]
  ],
  "intercepts": [
    -0.12198801936841727,
    0.0939951251226975,
    -0.1107575044037276,
    -0.01824983754959349,
    -0.018891135755396898,
    0.17589137195385385
  ]
}